{
  "segments": [
    "repnext_m5_relu_sparse_stage2_downsample_512_int8_dwpatched_segment_0_of_3_edgetpu.tflite",
    "repnext_m5_relu_sparse_stage2_downsample_512_int8_dwpatched_segment_1_of_3_edgetpu.tflite",
    "repnext_m5_relu_sparse_stage2_downsample_512_int8_dwpatched_segment_2_of_3_edgetpu.tflite"
  ],
  "devices": [
    0,
    1
  ],
  "detected_edge_tpus": [
    "{'type': 'usb', 'path': '/sys/bus/usb/devices/5-1'}",
    "{'type': 'usb', 'path': '/sys/bus/usb/devices/3-1'}"
  ],
  "warmup": 10,
  "runs": 50,
  "total": {
    "avg_ms": 766.5994822801258,
    "min_ms": 754.8107709999385,
    "max_ms": 780.2774780002437,
    "p50_ms": 765.8934084997782,
    "p95_ms": 775.2785857499475,
    "n": 50
  },
  "stages": [
    {
      "segment": "repnext_m5_relu_sparse_stage2_downsample_512_int8_dwpatched_segment_0_of_3_edgetpu.tflite",
      "device": 0,
      "input_index": 0,
      "output_index": 617,
      "input_shape": [
        1,
        512,
        512,
        3
      ],
      "output_shape": [
        1,
        64,
        64,
        160
      ],
      "input_dtype": "<class 'numpy.int8'>",
      "output_dtype": "<class 'numpy.int8'>",
      "invoke": {
        "avg_ms": 566.0316093599613,
        "min_ms": 559.0641620001406,
        "max_ms": 579.8679600002288,
        "p50_ms": 564.4899664998775,
        "p95_ms": 573.0386695997367,
        "n": 50
      },
      "tensor_set_get_cast": {
        "avg_ms": 0.5570281800100929,
        "min_ms": 0.49231600041821366,
        "max_ms": 0.7943430000523222,
        "p50_ms": 0.5466669999805163,
        "p95_ms": 0.647720449615008,
        "n": 50
      }
    },
    {
      "segment": "repnext_m5_relu_sparse_stage2_downsample_512_int8_dwpatched_segment_1_of_3_edgetpu.tflite",
      "device": 1,
      "input_index": 129,
      "output_index": 245,
      "input_shape": [
        1,
        64,
        64,
        160
      ],
      "output_shape": [
        1,
        64,
        64,
        160
      ],
      "input_dtype": "<class 'numpy.int8'>",
      "output_dtype": "<class 'numpy.int8'>",
      "invoke": {
        "avg_ms": 116.62615516001097,
        "min_ms": 113.77878099938243,
        "max_ms": 119.11269099982746,
        "p50_ms": 117.17756349980846,
        "p95_ms": 118.2239470002969,
        "n": 50
      },
      "tensor_set_get_cast": {
        "avg_ms": 0.5563832202096819,
        "min_ms": 0.4533020000963006,
        "max_ms": 0.8118949990603141,
        "p50_ms": 0.5455385003187985,
        "p95_ms": 0.6365731502683047,
        "n": 50
      }
    },
    {
      "segment": "repnext_m5_relu_sparse_stage2_downsample_512_int8_dwpatched_segment_2_of_3_edgetpu.tflite",
      "device": 0,
      "input_index": 73,
      "output_index": 150,
      "input_shape": [
        1,
        64,
        64,
        160
      ],
      "output_shape": [
        1,
        320,
        32,
        32
      ],
      "input_dtype": "<class 'numpy.int8'>",
      "output_dtype": "<class 'numpy.int8'>",
      "invoke": {
        "avg_ms": 82.41039692002232,
        "min_ms": 79.64753299984295,
        "max_ms": 85.47667799939518,
        "p50_ms": 82.67363899994962,
        "p95_ms": 83.97934665022149,
        "n": 50
      },
      "tensor_set_get_cast": {
        "avg_ms": 0.30326642003274173,
        "min_ms": 0.254756999311212,
        "max_ms": 0.4057180003655958,
        "p50_ms": 0.2991585006384412,
        "p95_ms": 0.37833544924978924,
        "n": 50
      }
    }
  ],
  "throughput_ips": 3.913386415389933
}