{
  "model": "RepNeXt-M5 ADE20K stage2_downsample",
  "tag": "iter3_cpu_tvm_stage2_opt2",
  "framework": "TVM",
  "tvm_version": "0.18.0",
  "target": "llvm -mtriple=aarch64-linux-gnu -mcpu=cortex-a76 -mattr=+v8.2a,+fullfp16,+dotprod",
  "opt_level": 2,
  "shape": [
    1,
    3,
    512,
    512
  ],
  "warmup": 5,
  "runs": 20,
  "build_ms": 84041.13154300011,
  "avg_ms": 850.4836288000661,
  "min_ms": 803.8683080003466,
  "max_ms": 920.8985699997356,
  "p50_ms": 845.6747390000601,
  "p95_ms": 911.5612337499897
}