{
  "model": "RepNeXt-M5 ADE20K stage2_downsample",
  "tag": "iter4_cpu_tvm_stage2_no_alter_layout",
  "framework": "TVM",
  "tvm_version": "0.18.0",
  "target": "llvm -mtriple=aarch64-linux-gnu -mcpu=cortex-a76 -mattr=+v8.2a,+fullfp16,+dotprod",
  "opt_level": 3,
  "disabled_pass": [
    "AlterOpLayout"
  ],
  "shape": [
    1,
    3,
    512,
    512
  ],
  "warmup": 5,
  "runs": 20,
  "build_ms": 114790.8460259996,
  "avg_ms": 796.8410617001155,
  "min_ms": 770.5927060005706,
  "max_ms": 846.1983790002705,
  "p50_ms": 796.3815170000998,
  "p95_ms": 813.0466004497976
}