{
  "model": "RepNeXt-M5 ADE20K stage2_downsample",
  "tag": "iter1_cpu_baseline_stage2",
  "framework": "TVM",
  "tvm_version": "0.18.0",
  "target": "llvm -mtriple=aarch64-linux-gnu -mcpu=cortex-a76 -mattr=+v8.2a,+fullfp16,+dotprod",
  "opt_level": 3,
  "shape": [
    1,
    3,
    512,
    512
  ],
  "warmup": 10,
  "runs": 50,
  "build_ms": 138557.68364499998,
  "avg_ms": 783.8660036800093,
  "min_ms": 759.2596859999503,
  "max_ms": 824.1677829998935,
  "p50_ms": 785.0199520000842,
  "p95_ms": 803.4040771000718
}