{
  "tag": "iter1_tpu_remeasure_dwpatched",
  "warmup": 10,
  "runs": 50,
  "results": [
    {
      "tflite": "/home/rpi5/repnext-pipeline/repnext_stage2_int8_dwpatched_edgetpu.tflite",
      "sha8": "ea017c4a67cabd7c",
      "size_bytes": 5769760,
      "input_shape": [
        1,
        512,
        512,
        3
      ],
      "input_dtype": "<class 'numpy.int8'>",
      "device": 0,
      "avg_ms": 1464.7807047400054,
      "min_ms": 1436.6061919999993,
      "max_ms": 1545.9849959997882,
      "p50_ms": 1454.0744904998064,
      "p95_ms": 1523.7860946498586,
      "n": 50
    }
  ]
}