{
  "tag": "iter5_concatfold_single_compare",
  "warmup": 10,
  "runs": 50,
  "results": [
    {
      "tflite": "/home/rpi5/repnext-pipeline/repnext_stage2_int8_dwpatched_edgetpu.tflite",
      "sha8": "ea017c4a67cabd7c",
      "size_bytes": 5769760,
      "input_shape": [
        1,
        512,
        512,
        3
      ],
      "input_dtype": "<class 'numpy.int8'>",
      "device": 0,
      "avg_ms": 1472.8342139599774,
      "min_ms": 1426.6620250000415,
      "max_ms": 1580.7028680001167,
      "p50_ms": 1463.3019745001548,
      "p95_ms": 1542.3756351001884,
      "n": 50
    },
    {
      "tflite": "/home/rpi5/repnext-pipeline/repnext_stage2_int8_dwpatched_concatfold_edgetpu.tflite",
      "sha8": "40ce8b609c86dcfb",
      "size_bytes": 5319040,
      "input_shape": [
        1,
        512,
        512,
        3
      ],
      "input_dtype": "<class 'numpy.int8'>",
      "device": 0,
      "avg_ms": 1365.3600183200253,
      "min_ms": 1328.0910410003344,
      "max_ms": 1448.119747000419,
      "p50_ms": 1348.8445069997397,
      "p95_ms": 1440.246962799847,
      "n": 50
    }
  ]
}