{
  "segments": [
    "repnext_m5_relu_sparse_stage2_downsample_512_int8_dwpatched_segment_0_of_2_edgetpu.tflite",
    "repnext_m5_relu_sparse_stage2_downsample_512_int8_dwpatched_segment_1_of_2_edgetpu.tflite"
  ],
  "devices": [
    0,
    1
  ],
  "detected_edge_tpus": [
    "{'type': 'usb', 'path': '/sys/bus/usb/devices/5-1'}",
    "{'type': 'usb', 'path': '/sys/bus/usb/devices/3-1'}"
  ],
  "warmup": 10,
  "runs": 50,
  "total": {
    "avg_ms": 757.0259043401347,
    "min_ms": 753.1863210006122,
    "max_ms": 760.2806940003575,
    "p50_ms": 757.177217500157,
    "p95_ms": 759.1949059003127,
    "n": 50
  },
  "stages": [
    {
      "segment": "repnext_m5_relu_sparse_stage2_downsample_512_int8_dwpatched_segment_0_of_2_edgetpu.tflite",
      "device": 0,
      "input_index": 0,
      "output_index": 759,
      "input_shape": [
        1,
        512,
        512,
        3
      ],
      "output_shape": [
        1,
        64,
        64,
        160
      ],
      "input_dtype": "<class 'numpy.int8'>",
      "output_dtype": "<class 'numpy.int8'>",
      "invoke": {
        "avg_ms": 620.8674164799959,
        "min_ms": 617.0092150005075,
        "max_ms": 623.7766710000869,
        "p50_ms": 621.1314689999199,
        "p95_ms": 623.0612423498769,
        "n": 50
      },
      "tensor_set_get_cast": {
        "avg_ms": 0.7759236599667929,
        "min_ms": 0.7137279999369639,
        "max_ms": 0.9162629994534655,
        "p50_ms": 0.7617359997311723,
        "p95_ms": 0.8846796497437026,
        "n": 50
      }
    },
    {
      "segment": "repnext_m5_relu_sparse_stage2_downsample_512_int8_dwpatched_segment_1_of_2_edgetpu.tflite",
      "device": 1,
      "input_index": 137,
      "output_index": 290,
      "input_shape": [
        1,
        64,
        64,
        160
      ],
      "output_shape": [
        1,
        320,
        32,
        32
      ],
      "input_dtype": "<class 'numpy.int8'>",
      "output_dtype": "<class 'numpy.int8'>",
      "invoke": {
        "avg_ms": 134.9301849999756,
        "min_ms": 133.2455369993113,
        "max_ms": 138.65101800001867,
        "p50_ms": 134.59248350000053,
        "p95_ms": 136.87204694970205,
        "n": 50
      },
      "tensor_set_get_cast": {
        "avg_ms": 0.36860739995972835,
        "min_ms": 0.3400049999982002,
        "max_ms": 0.44613799855142133,
        "p50_ms": 0.3551000004335947,
        "p95_ms": 0.42860905023189844,
        "n": 50
      }
    }
  ],
  "throughput_ips": 2.64191752030376
}